{
  "POST Bayes weather" : {
    "transaction" : "POST Bayes weather",
    "sampleCount" : 100,
    "errorCount" : 0,
    "errorPct" : 0.0,
    "meanResTime" : 64.48000000000003,
    "minResTime" : 16.0,
    "maxResTime" : 742.0,
    "pct1ResTime" : 147.40000000000003,
    "pct2ResTime" : 288.29999999999984,
    "pct3ResTime" : 741.2899999999996,
    "throughput" : 15.379883112888342,
    "receivedKBytesPerSec" : 4.701077553060597,
    "sentKBytesPerSec" : 32.31938249769302
  },
  "Total" : {
    "transaction" : "Total",
    "sampleCount" : 547,
    "errorCount" : 0,
    "errorPct" : 0.0,
    "meanResTime" : 1578.694698354662,
    "minResTime" : 16.0,
    "maxResTime" : 67034.0,
    "pct1ResTime" : 1259.3999999999999,
    "pct2ResTime" : 2512.8000000000015,
    "pct3ResTime" : 59009.07999999999,
    "throughput" : 5.58311388735787,
    "receivedKBytesPerSec" : 1.706557272209974,
    "sentKBytesPerSec" : 1206.4778904990098
  },
  "POST Bayes supermarket" : {
    "transaction" : "POST Bayes supermarket",
    "sampleCount" : 47,
    "errorCount" : 0,
    "errorPct" : 0.0,
    "meanResTime" : 15685.340425531916,
    "minResTime" : 321.0,
    "maxResTime" : 67034.0,
    "pct1ResTime" : 59320.2,
    "pct2ResTime" : 62570.19999999999,
    "pct3ResTime" : 67034.0,
    "throughput" : 0.672235253733051,
    "receivedKBytesPerSec" : 0.2054781586117627,
    "sentKBytesPerSec" : 1330.9687724599878
  },
  "POST Bayes labor" : {
    "transaction" : "POST Bayes labor",
    "sampleCount" : 285,
    "errorCount" : 0,
    "errorPct" : 0.0,
    "meanResTime" : 138.27017543859645,
    "minResTime" : 18.0,
    "maxResTime" : 1606.0,
    "pct1ResTime" : 218.4000000000002,
    "pct2ResTime" : 366.0,
    "pct3ResTime" : 1462.059999999999,
    "throughput" : 26.53878387186889,
    "receivedKBytesPerSec" : 8.111952492084924,
    "sentKBytesPerSec" : 183.6795936539715
  },
  "POST Bayes train" : {
    "transaction" : "POST Bayes train",
    "sampleCount" : 115,
    "errorCount" : 0,
    "errorPct" : 0.0,
    "meanResTime" : 699.8260869565221,
    "minResTime" : 80.0,
    "maxResTime" : 3982.0,
    "pct1ResTime" : 1486.8000000000004,
    "pct2ResTime" : 2577.1999999999875,
    "pct3ResTime" : 3961.8400000000006,
    "throughput" : 10.65110678892285,
    "receivedKBytesPerSec" : 3.255660571223488,
    "sentKBytesPerSec" : 2126.959004092572
  }
}